,sex,embarked,class,who,deck,embark_town,alive,adult_male,alone,survived,pclass,age,sibsp,parch,fare_scaling
0,1,2,2,1,2,2,0,1,0,0,3,22.0,1,0,-0.5024451714361923
1,0,0,0,2,2,0,1,0,0,1,1,38.0,1,0,0.7868452935884461
2,0,2,2,2,2,2,1,0,1,1,3,26.0,0,0,-0.4888542575852486
3,0,2,0,2,2,2,1,0,0,1,1,35.0,1,0,0.4207302360686478
4,1,2,2,1,2,2,0,1,1,0,3,35.0,0,0,-0.4863374216869257
5,1,1,2,1,2,1,0,1,1,0,3,29.69911764705882,0,0,-0.47811642890864375
6,1,2,0,1,4,2,0,1,1,0,1,54.0,0,0,0.395813560675251
7,1,2,2,0,2,2,0,0,0,0,3,2.0,3,1,-0.22408312108167944
8,0,2,2,2,2,2,1,0,0,1,3,27.0,0,2,-0.4242561406845337
9,0,0,1,0,2,0,1,0,0,1,2,14.0,1,0,-0.04295550208861426
10,0,2,2,0,6,2,1,0,0,1,3,4.0,1,1,-0.312172377522981
11,0,2,0,2,2,2,1,0,1,1,1,58.0,0,0,-0.11384570873513637
12,1,2,2,1,2,2,0,1,1,0,3,20.0,0,0,-0.4863374216869257
13,1,2,2,1,2,2,0,1,0,0,3,39.0,1,5,-0.01870931177853076
14,0,2,2,0,2,2,0,0,1,0,3,14.0,0,0,-0.4902797934380587
15,0,2,1,2,2,2,1,0,1,1,2,55.0,0,0,-0.3262666585535892
16,1,1,2,0,2,1,0,0,0,0,3,2.0,4,1,-0.06199888922968463
17,1,2,1,1,2,2,1,1,1,1,2,29.69911764705882,0,0,-0.3866707201133388
18,0,2,2,2,2,2,0,0,0,0,3,31.0,1,0,-0.2859972841804228
19,0,0,2,2,2,0,1,0,1,1,3,29.69911764705882,0,0,-0.5029485386158568
20,1,2,1,1,2,2,0,1,1,0,2,35.0,0,0,-0.12491978668775715
21,1,2,1,1,3,2,1,1,1,1,2,34.0,0,0,-0.3866707201133388
22,0,1,2,0,2,1,1,0,1,1,3,15.0,0,0,-0.4867562231804066
23,1,2,0,1,0,2,1,1,1,1,1,28.0,0,0,0.06635974158478332
24,0,2,2,0,2,2,0,0,0,0,3,8.0,3,1,-0.22408312108167944
25,0,2,2,2,2,2,1,0,0,1,3,38.0,1,5,-0.016444159470040135
26,1,0,2,1,2,0,0,1,1,0,3,29.69911764705882,0,0,-0.5029485386158568
27,1,2,0,1,2,2,0,1,0,0,1,19.0,3,2,4.647001076532463
28,0,1,2,2,2,1,1,0,1,1,3,29.69911764705882,0,0,-0.48977642625839407
29,1,2,2,1,2,2,0,1,1,0,3,29.69911764705882,0,0,-0.4894421904510968
30,1,0,0,1,2,0,0,1,1,0,1,40.0,0,0,-0.09027201697708476
31,0,0,0,2,1,0,1,0,0,1,1,29.69911764705882,1,0,2.301728820789
32,0,1,2,2,2,1,1,0,1,1,3,29.69911764705882,0,0,-0.49237782784290063
33,1,2,1,1,2,2,0,1,1,0,2,66.0,0,0,-0.43700743807979686
34,1,0,0,1,2,0,0,1,0,0,1,28.0,1,0,1.0060617003323709
35,1,2,0,1,2,2,0,1,0,0,1,42.0,1,0,0.39858208016340624
36,1,0,2,1,2,0,1,1,1,1,3,29.69911764705882,0,0,-0.5028639729296732
37,1,2,2,1,2,2,0,1,1,0,3,21.0,0,0,-0.4863374216869257
38,0,2,2,2,2,2,0,0,0,0,3,18.0,2,0,-0.2859972841804228
39,0,0,2,0,2,0,1,0,0,1,3,14.0,1,0,-0.42207354059350805
40,0,2,2,2,2,2,0,0,0,0,3,40.0,1,0,-0.4576454924460446
41,0,2,1,2,2,2,0,0,0,0,2,27.0,1,0,-0.22559322262067316
42,1,0,2,1,2,0,0,1,1,0,3,29.69911764705882,0,0,-0.4894421904510968
43,0,0,1,0,2,0,1,0,0,1,2,3.0,1,2,0.18876253192945994
44,0,1,2,2,2,1,1,0,1,1,3,19.0,0,0,-0.48977642625839407
45,1,2,2,1,2,2,0,1,1,0,3,29.69911764705882,0,0,-0.4863374216869257
46,1,1,2,1,2,1,0,1,0,0,3,29.69911764705882,1,0,-0.3363340021468808
47,0,1,2,2,2,1,1,0,1,1,3,29.69911764705882,0,0,-0.49237782784290063
48,1,0,2,1,2,0,0,1,0,0,3,29.69911764705882,2,0,-0.21191774308354583
49,0,2,2,2,2,2,0,0,0,0,3,18.0,1,0,-0.29002422161773944
50,1,2,2,0,2,2,0,0,0,0,3,7.0,4,1,0.1506737441786005
51,1,2,2,1,2,2,0,1,1,0,3,21.0,0,0,-0.4913710934835715
52,0,0,0,2,3,0,1,0,0,1,1,49.0,1,0,0.8964967865378598
53,0,2,1,2,2,2,1,0,0,1,2,29.0,1,0,-0.12491978668775715
54,1,0,0,1,1,0,0,1,0,0,1,65.0,0,1,0.5995101505357573
55,1,2,0,1,2,2,1,1,1,1,1,29.69911764705882,0,0,0.06635974158478332
56,0,2,1,2,2,2,1,0,1,1,2,21.0,0,0,-0.43700743807979686
57,1,0,2,1,2,0,0,1,1,0,3,28.5,0,0,-0.5028639729296732
58,0,2,1,0,2,2,1,0,0,1,2,5.0,1,2,-0.08968408411123653
59,1,2,2,0,2,2,0,0,0,0,3,11.0,5,2,0.2958951755118318
60,1,0,2,1,2,0,0,1,1,0,3,22.0,0,0,-0.5028639729296732
61,0,2,0,2,1,2,1,0,1,1,1,38.0,0,0,0.962353321387736
62,1,2,0,1,2,2,0,1,0,0,1,45.0,1,0,1.0323213593611125
63,1,2,2,0,2,2,0,0,0,0,3,4.0,3,2,-0.08666388103324908
64,1,0,0,1,2,0,0,1,1,0,1,29.69911764705882,0,0,-0.09027201697708476
65,1,0,2,1,2,0,1,1,0,1,3,29.69911764705882,1,1,-0.3414522396297103
66,0,2,1,2,5,2,1,0,1,1,2,29.0,0,0,-0.43700743807979686
67,1,2,2,1,2,2,0,1,1,0,3,19.0,0,0,-0.4841568350646187
68,0,2,2,2,2,2,1,0,0,1,3,17.0,4,2,-0.4888542575852486
69,1,2,2,1,2,2,0,1,0,0,3,26.0,2,0,-0.47400492578514347
70,1,2,1,1,2,2,0,1,1,0,2,32.0,0,0,-0.43700743807979686
71,0,2,2,2,2,2,0,0,0,0,3,16.0,5,2,0.2958951755118318
72,1,2,1,1,2,2,0,1,1,0,2,21.0,0,0,0.8314778546749452
73,1,0,2,1,2,0,0,1,0,0,3,26.0,1,0,-0.3573908580066095
74,1,2,2,1,2,2,1,1,1,1,3,32.0,0,0,0.48910360681684706
75,1,2,2,1,5,2,0,1,1,0,3,25.0,0,0,-0.494391296561559
76,1,2,2,1,2,2,0,1,1,0,3,29.69911764705882,0,0,-0.4894421904510968
77,1,2,2,1,2,2,0,1,1,0,3,29.69911764705882,0,0,-0.4863374216869257
78,1,2,1,0,2,2,1,0,0,1,2,0.83,0,2,-0.06451572512800753
79,0,2,2,2,2,2,1,0,1,1,3,30.0,0,0,-0.397241430886295
80,1,2,2,1,2,2,0,1,1,0,3,22.0,0,0,-0.46720946885967163
81,1,2,2,1,2,2,1,1,1,1,3,29.0,0,0,-0.45714212526638004
82,0,1,2,2,2,1,1,0,1,1,3,29.69911764705882,0,0,-0.49162277707340374
83,1,2,0,1,2,2,0,1,1,0,1,28.0,0,0,0.29992211294914856
84,0,2,1,2,2,2,1,0,1,1,2,17.0,0,0,-0.43700743807979686
85,0,2,2,2,2,2,1,0,0,1,3,33.0,3,0,-0.32928686163157667
86,1,2,2,1,2,2,0,1,0,0,3,16.0,1,3,0.04370821849987721
87,1,2,2,1,2,2,0,1,1,0,3,29.69911764705882,0,0,-0.4863374216869257
88,0,2,0,2,2,2,1,0,0,1,1,23.0,3,2,4.647001076532463
89,1,2,2,1,2,2,0,1,1,0,3,24.0,0,0,-0.4863374216869257
90,1,2,2,1,2,2,0,1,1,0,3,29.0,0,0,-0.4863374216869257
91,1,2,2,1,2,2,0,1,1,0,3,20.0,0,0,-0.4902797934380587
92,1,2,0,1,4,2,0,1,0,0,1,46.0,1,0,0.5833178351003071
93,1,2,2,1,2,2,0,1,0,0,3,26.0,1,2,-0.23415046467497105
94,1,2,2,1,2,2,0,1,1,0,3,59.0,0,0,-0.5024451714361923
95,1,2,2,1,2,2,0,1,1,0,3,29.69911764705882,0,0,-0.4863374216869257
96,1,0,0,1,0,0,0,1,1,0,1,71.0,0,0,0.0493298231623713
97,1,0,0,1,3,0,1,1,0,1,1,23.0,0,1,0.6272778976347743
98,0,2,1,2,2,2,1,0,0,1,2,34.0,0,1,-0.18532384824750675
99,1,2,1,1,2,2,0,1,0,0,2,34.0,1,0,-0.12491978668775715
100,0,2,2,2,2,2,0,0,1,0,3,28.0,0,0,-0.4894421904510968
101,1,2,2,1,2,2,0,1,1,0,3,29.69911764705882,0,0,-0.4894421904510968
102,1,2,0,1,3,2,0,1,0,0,1,21.0,0,1,0.907737982394129
103,1,2,2,1,2,2,0,1,1,0,3,33.0,0,0,-0.4741720436887921
104,1,2,2,1,2,2,0,1,0,0,3,37.0,2,0,-0.4888542575852486
105,1,2,2,1,2,2,0,1,1,0,3,28.0,0,0,-0.4894421904510968
106,0,2,2,2,2,2,1,0,1,1,3,21.0,0,0,-0.494391296561559
107,1,2,2,1,2,2,1,1,1,1,3,29.69911764705882,0,0,-0.4918744606632361
108,1,2,2,1,2,2,0,1,1,0,3,38.0,0,0,-0.4894421904510968
109,0,1,2,2,2,1,1,0,0,1,3,29.69911764705882,1,0,-0.1621689579829361
110,1,2,0,1,2,2,0,1,1,0,1,47.0,0,0,0.39858208016340624
111,0,0,2,0,2,0,0,0,0,0,3,14.5,1,0,-0.3573908580066095
112,1,2,2,1,2,2,0,1,1,0,3,22.0,0,0,-0.4863374216869257
113,0,2,2,2,2,2,0,0,0,0,3,20.0,1,0,-0.4505983519307405
114,0,0,2,2,2,0,0,0,1,0,3,17.0,0,0,-0.3573083057891445
115,1,2,2,1,2,2,0,1,1,0,3,21.0,0,0,-0.4888542575852486
116,1,1,2,1,2,1,0,1,1,0,3,70.5,0,0,-0.49237782784290063
117,1,2,1,1,2,2,0,1,0,0,2,29.0,1,0,-0.22559322262067316
118,1,0,0,1,1,0,0,1,0,0,1,24.0,0,1,4.335332226633905
119,0,2,2,0,2,2,0,0,0,0,3,2.0,4,2,-0.01870931177853076
120,1,2,1,1,2,2,0,1,0,0,2,21.0,2,0,0.8314778546749452
121,1,2,2,1,2,2,0,1,1,0,3,29.69911764705882,0,0,-0.4863374216869257
122,1,0,1,1,2,0,0,1,0,0,2,32.5,1,0,-0.04295550208861426
123,0,2,1,2,4,2,1,0,1,1,2,32.5,0,0,-0.3866707201133388
124,1,2,0,1,3,2,0,1,0,0,1,54.0,0,1,0.907737982394129
125,1,0,2,0,2,0,1,0,0,1,3,12.0,1,0,-0.42207354059350805
126,1,1,2,1,2,1,0,1,1,0,3,29.69911764705882,0,0,-0.49237782784290063
127,1,2,2,1,2,2,1,1,1,1,3,24.0,0,0,-0.5046257580584992
128,0,0,2,2,5,0,1,0,0,1,3,29.69911764705882,1,1,-0.19824427701513722
129,1,2,2,1,2,2,0,1,1,0,3,45.0,0,0,-0.5079822104125026
130,1,0,2,1,2,0,0,1,1,0,3,33.0,0,0,-0.4894421904510968
131,1,2,2,1,2,2,0,1,1,0,3,20.0,0,0,-0.5064721088735089
132,0,2,2,2,2,2,0,0,0,0,3,47.0,1,0,-0.35646868933346404
133,0,2,1,2,2,2,1,0,0,1,2,29.0,1,0,-0.12491978668775715
134,1,2,1,1,2,2,0,1,1,0,2,25.0,0,0,-0.3866707201133388
135,1,0,1,1,2,0,0,1,1,0,2,23.0,0,0,-0.3454791770670269
136,0,2,0,2,3,2,1,0,0,1,1,19.0,0,2,-0.11921562980779811
137,1,2,0,1,2,2,0,1,0,0,1,37.0,1,0,0.4207302360686478
138,1,2,2,1,2,2,0,1,1,0,3,16.0,0,0,-0.4628462821463391
139,1,0,0,1,1,0,0,1,1,0,1,24.0,0,0,0.9462455716384695
140,0,0,2,2,2,0,0,0,0,0,3,29.69911764705882,0,2,-0.3414522396297103
141,0,2,2,2,2,2,1,0,1,1,3,22.0,0,0,-0.49237782784290063
142,0,2,2,2,2,2,1,0,0,1,3,24.0,1,0,-0.32928686163157667
143,1,1,2,1,2,1,0,1,1,0,3,19.0,0,0,-0.5125125150294839
144,1,2,1,1,2,2,0,1,1,0,2,18.0,0,0,-0.41687275089321363
145,1,2,1,1,2,2,0,1,0,0,2,19.0,1,1,0.09152810056801232
146,1,2,2,1,2,2,1,1,1,1,3,27.0,0,0,-0.49145565916975514
147,0,2,2,0,2,2,0,0,0,0,3,9.0,2,2,0.04370821849987721
148,1,2,1,1,5,2,0,1,0,0,2,36.5,0,2,-0.12491978668775715
149,1,2,1,1,2,2,0,1,1,0,2,42.0,0,0,-0.3866707201133388
150,1,2,1,1,2,2,0,1,1,0,2,51.0,0,0,-0.39623469652696586
151,0,2,0,2,2,2,1,0,0,1,1,22.0,1,0,0.6925485130875209
152,1,2,2,1,2,2,0,1,1,0,3,55.5,0,0,-0.4863374216869257
153,1,2,2,1,2,2,0,1,0,0,3,40.5,0,2,-0.35646868933346404
154,1,2,2,1,2,2,0,1,1,0,3,29.69911764705882,0,0,-0.5011867534870308
155,1,0,0,1,2,0,0,1,0,0,1,51.0,0,1,0.5874293382238074
156,0,1,2,2,2,1,1,0,1,1,3,16.0,0,0,-0.49271407711891657
157,1,2,2,1,2,2,0,1,1,0,3,30.0,0,0,-0.4863374216869257
158,1,2,2,1,2,2,0,1,1,0,3,29.69911764705882,0,0,-0.47400492578514347
159,1,2,2,1,2,2,0,1,0,0,3,29.69911764705882,8,2,0.7519458402879414
160,1,2,2,1,2,2,0,1,0,0,3,44.0,0,1,-0.32425318983493084
161,0,2,1,2,2,2,1,0,1,1,2,40.0,0,0,-0.331300330350235
162,1,2,2,1,2,2,0,1,1,0,3,26.0,0,0,-0.4918744606632361
163,1,2,2,1,2,2,0,1,1,0,3,17.0,0,0,-0.47400492578514347
164,1,2,2,0,2,2,0,0,0,0,3,1.0,4,1,0.1506737441786005
165,1,2,2,0,2,2,1,0,0,1,3,9.0,0,2,-0.2351571990343002
166,0,2,0,2,4,2,1,0,0,1,1,29.69911764705882,0,1,0.4589861417231558
167,0,2,2,2,2,2,0,0,0,0,3,45.0,1,4,-0.08666388103324908
168,1,2,0,1,2,2,0,1,1,0,1,29.69911764705882,0,0,-0.12642988822675086
169,1,2,2,1,2,2,0,1,1,0,3,28.0,0,0,0.48910360681684706
170,1,2,0,1,1,2,0,1,1,0,1,61.0,0,0,0.026090367211616904
171,1,1,2,0,2,1,0,0,0,0,3,4.0,4,1,-0.06199888922968463
172,0,2,2,0,2,2,1,0,0,1,3,1.0,1,1,-0.4242561406845337
173,1,2,2,1,2,2,0,1,1,0,3,21.0,0,0,-0.4888542575852486
174,1,0,0,1,0,0,0,1,1,0,1,56.0,0,0,-0.030371322596999754
175,1,2,2,1,2,2,0,1,0,0,3,18.0,1,1,-0.4902797934380587
176,1,2,2,1,2,2,0,1,0,0,3,29.69911764705882,3,1,-0.13565761536436197
177,0,0,0,2,2,0,0,0,1,0,1,50.0,0,0,-0.07030444769415023
178,1,2,1,1,2,2,0,1,1,0,2,30.0,0,0,-0.3866707201133388
179,1,2,2,1,2,2,0,1,1,0,3,36.0,0,0,-0.6484216535389205
180,0,2,2,2,2,2,0,0,0,0,3,29.69911764705882,8,2,0.7519458402879414
181,1,0,1,1,2,0,0,1,1,0,2,29.69911764705882,0,0,-0.34539461138084326
182,1,2,2,0,2,2,0,0,0,0,3,9.0,4,2,-0.016444159470040135
183,1,2,1,0,5,2,1,0,0,1,2,1.0,2,1,0.13683114673782454
184,0,2,2,0,2,2,1,0,0,1,3,4.0,0,2,-0.20495516825442542
185,1,2,0,1,0,2,0,1,1,0,1,29.69911764705882,0,0,0.3583127057902398
186,0,1,2,2,2,1,1,0,0,1,3,29.69911764705882,1,0,-0.3363340021468808
187,1,2,0,1,2,2,1,1,1,1,1,45.0,0,0,-0.11384570873513637
188,1,1,2,1,2,1,0,1,0,0,3,40.0,1,1,-0.3363340021468808
189,1,2,2,1,2,2,0,1,1,0,3,36.0,0,0,-0.4894421904510968
190,0,2,1,2,2,2,1,0,1,1,2,32.0,0,0,-0.3866707201133388
191,1,2,1,1,2,2,0,1,1,0,2,19.0,0,0,-0.3866707201133388
192,0,2,2,2,2,2,1,0,0,1,3,19.0,1,0,-0.4902797934380587
193,1,2,1,0,5,2,1,0,0,1,2,3.0,1,1,-0.12491978668775715
194,0,0,0,2,1,0,1,0,1,1,1,44.0,0,0,-0.09027201697708476
195,0,0,0,2,1,0,1,0,1,1,1,58.0,0,0,2.301728820789
196,1,1,2,1,2,1,0,1,1,0,3,29.69911764705882,0,0,-0.49237782784290063
197,1,2,2,1,2,2,0,1,0,0,3,42.0,0,1,-0.47920571548543794
198,0,1,2,2,2,1,1,0,1,1,3,29.69911764705882,0,0,-0.49237782784290063
199,0,2,1,2,2,2,0,0,1,0,2,24.0,0,0,-0.3866707201133388
200,1,2,2,1,2,2,0,1,1,0,3,28.0,0,0,-0.45714212526638004
201,1,2,2,1,2,2,0,1,0,0,3,29.69911764705882,8,2,0.7519458402879414
202,1,2,2,1,2,2,0,1,1,0,3,34.0,0,0,-0.5176307525123133
203,1,0,2,1,2,0,0,1,1,0,3,45.5,0,0,-0.5029485386158568
204,1,2,2,1,2,2,1,1,1,1,3,18.0,0,0,-0.4863374216869257
205,0,2,2,0,6,2,0,0,0,0,3,2.0,0,1,-0.43776248884929375
206,1,2,2,1,2,2,0,1,0,0,3,32.0,1,0,-0.32928686163157667
207,1,0,2,1,2,0,1,1,1,1,3,26.0,0,0,-0.2701412180209885
208,0,1,2,2,2,1,1,0,1,1,3,16.0,0,0,-0.49237782784290063
209,1,0,0,1,0,0,1,1,1,1,1,40.0,0,0,-0.024246350754841113
210,1,2,2,1,2,2,0,1,1,0,3,24.0,0,0,-0.5064721088735089
211,0,2,1,2,2,2,1,0,1,1,2,35.0,0,0,-0.22559322262067316
212,1,2,2,1,2,2,0,1,1,0,3,22.0,0,0,-0.5024451714361923
213,1,2,1,1,2,2,0,1,1,0,2,30.0,0,0,-0.3866707201133388
214,1,1,2,1,2,1,0,1,0,0,3,29.69911764705882,1,0,-0.49237782784290063
215,0,0,0,2,3,0,1,0,0,1,1,31.0,1,0,1.6323350375212924
216,0,2,2,2,2,2,1,0,1,1,3,27.0,0,0,-0.4888542575852486
217,1,2,1,1,2,2,0,1,0,0,2,42.0,1,0,-0.10478509950117394
218,0,0,0,2,3,0,1,0,1,1,1,32.0,0,0,0.8876878608937296
219,1,2,1,1,2,2,0,1,1,0,2,30.0,0,0,-0.43700743807979686
220,1,2,2,1,2,2,1,1,1,1,3,16.0,0,0,-0.4863374216869257
221,1,2,1,1,2,2,0,1,1,0,2,27.0,0,0,-0.3866707201133388
222,1,2,2,1,2,2,0,1,1,0,3,51.0,0,0,-0.4863374216869257
223,1,2,2,1,2,2,0,1,1,0,3,29.69911764705882,0,0,-0.4894421904510968
224,1,2,0,1,2,2,1,1,0,1,1,38.0,1,0,1.163700193253568
225,1,2,2,1,2,2,0,1,1,0,3,22.0,0,0,-0.4601623283443675
226,1,2,1,1,2,2,1,1,1,1,2,19.0,0,0,-0.43700743807979686
227,1,2,2,1,2,2,0,1,1,0,3,20.5,0,0,-0.5024451714361923
228,1,2,1,1,2,2,0,1,1,0,2,18.0,0,0,-0.3866707201133388
229,0,2,2,2,2,2,0,0,0,0,3,29.69911764705882,3,1,-0.13565761536436197
230,0,2,0,2,2,2,1,0,0,1,1,35.0,1,0,1.0323213593611125
231,1,2,2,1,2,2,0,1,1,0,3,29.0,0,0,-0.4918744606632361
232,1,2,1,1,2,2,0,1,1,0,2,59.0,0,0,-0.3766033765200472
233,0,2,2,0,2,2,1,0,0,1,3,5.0,4,2,-0.016444159470040135
234,1,2,1,1,2,2,0,1,1,0,2,24.0,0,0,-0.43700743807979686
235,0,2,2,2,2,2,0,0,1,0,3,29.69911764705882,0,0,-0.49640476528021726
236,1,2,1,1,2,2,0,1,0,0,2,44.0,1,0,-0.12491978668775715
237,0,2,1,0,2,2,1,0,0,1,2,8.0,0,2,-0.11988611489111134
238,1,2,1,1,2,2,0,1,1,0,2,19.0,0,0,-0.43700743807979686
239,1,2,1,1,2,2,0,1,1,0,2,33.0,0,0,-0.4012683683236117
240,0,0,2,2,2,0,0,0,0,0,3,29.69911764705882,1,0,-0.3573908580066095
241,0,1,2,2,2,1,1,0,0,1,3,29.69911764705882,1,0,-0.3363340021468808
242,1,2,1,1,2,2,0,1,1,0,2,29.0,0,0,-0.43700743807979686
243,1,2,2,1,2,2,0,1,1,0,3,22.0,0,0,-0.5049620073345151
244,1,0,2,1,2,0,0,1,1,0,3,30.0,0,0,-0.5029485386158568
245,1,1,0,1,2,1,0,1,0,0,1,44.0,2,0,1.163700193253568
246,0,2,2,2,2,2,0,0,1,0,3,25.0,0,0,-0.4918744606632361
247,0,2,1,2,2,2,1,0,0,1,2,24.0,0,2,-0.35646868933346404
248,1,2,0,1,3,2,1,1,0,1,1,37.0,1,1,0.40974072380221066
249,1,2,1,1,2,2,0,1,0,0,2,54.0,1,0,-0.12491978668775715
250,1,2,2,1,2,2,0,1,1,0,3,29.69911764705882,0,0,-0.5024451714361923
251,0,2,2,2,6,2,0,0,0,0,3,29.0,1,1,-0.43776248884929375
252,1,2,0,1,2,2,0,1,1,0,1,62.0,0,0,-0.11384570873513637
253,1,2,2,1,2,2,0,1,0,0,3,30.0,1,0,-0.32425318983493084
254,0,2,2,2,2,2,0,0,0,0,3,41.0,0,2,-0.2414492887801075
255,0,0,2,2,2,0,1,0,0,1,3,29.0,0,2,-0.3414522396297103
256,0,0,0,2,2,0,1,0,1,1,1,29.69911764705882,0,0,0.9462455716384695
257,0,2,0,2,1,2,1,0,1,1,1,30.0,0,0,1.093228788100527
258,0,0,0,2,2,0,1,0,1,1,1,35.0,0,0,9.667166525013505
259,0,2,1,2,2,2,1,0,0,1,2,50.0,0,1,-0.12491978668775715
260,1,1,2,1,2,1,0,1,1,0,3,29.69911764705882,0,0,-0.49237782784290063
261,1,2,2,0,2,2,1,0,0,1,3,3.0,4,2,-0.016444159470040135
262,1,2,0,1,4,2,0,1,0,0,1,52.0,1,1,0.955306180872432
263,1,2,0,1,1,2,0,1,1,0,1,40.0,0,0,-0.6484216535389205
264,0,1,2,2,2,1,0,0,1,0,3,29.69911764705882,0,0,-0.49237782784290063
265,1,2,1,1,2,2,0,1,1,0,2,36.0,0,0,-0.43700743807979686
266,1,2,2,1,2,2,0,1,0,0,3,16.0,4,1,0.1506737441786005
267,1,2,2,1,2,2,1,1,0,1,3,25.0,1,0,-0.4918744606632361
268,0,2,0,2,2,2,1,0,0,1,1,58.0,0,1,2.441497778832105
269,0,2,0,2,2,2,1,0,1,1,1,35.0,0,0,2.0825124140450755
270,1,2,0,1,2,2,0,1,1,0,1,29.69911764705882,0,0,-0.024246350754841113
271,1,2,2,1,2,2,1,1,1,1,3,25.0,0,0,-0.6484216535389205
272,0,2,1,2,2,2,1,0,0,1,2,41.0,0,1,-0.255795253400548
273,1,0,0,1,2,0,0,1,0,0,1,37.0,0,1,-0.05042144409739929
274,0,1,2,2,2,1,1,0,1,1,3,29.69911764705882,0,0,-0.49237782784290063
275,0,2,0,2,3,2,1,0,0,1,1,63.0,1,0,0.921244330558889
276,0,2,2,2,2,2,0,0,1,0,3,45.0,0,0,-0.49237782784290063
277,1,2,1,1,2,2,0,1,1,0,2,29.69911764705882,0,0,-0.6484216535389205
278,1,1,2,0,2,1,0,0,0,0,3,7.0,4,1,-0.06199888922968463
279,0,2,2,2,2,2,1,0,0,1,3,35.0,1,1,-0.24069423801061057
280,1,1,2,1,2,1,0,1,1,0,3,65.0,0,0,-0.49237782784290063
281,1,2,2,1,2,2,0,1,1,0,3,28.0,0,0,-0.4902797934380587
282,1,2,2,1,2,2,0,1,1,0,3,16.0,0,0,-0.45714212526638004
283,1,2,2,1,2,2,1,1,1,1,3,19.0,0,0,-0.4863374216869257
284,1,2,0,1,0,2,0,1,1,0,1,29.69911764705882,0,0,-0.12491978668775715
285,1,0,2,1,2,0,0,1,1,0,3,33.0,0,0,-0.47400492578514347
286,1,2,2,1,2,2,1,1,1,1,3,30.0,0,0,-0.45714212526638004
287,1,2,2,1,2,2,0,1,1,0,3,22.0,0,0,-0.4894421904510968
288,1,2,1,1,2,2,1,1,1,1,2,42.0,0,0,-0.3866707201133388
289,0,1,2,2,2,1,1,0,1,1,3,22.0,0,0,-0.49237782784290063
290,0,2,0,2,2,2,1,0,1,1,1,26.0,0,0,0.9391984311231651
291,0,0,0,2,1,0,1,0,0,1,1,19.0,1,0,1.1854295476653287
292,1,0,1,1,3,0,0,1,1,0,2,36.0,0,0,-0.3891875560116617
293,0,2,2,2,2,2,0,0,1,0,3,24.0,0,0,-0.4702296719376591
294,1,2,2,1,2,2,0,1,1,0,3,24.0,0,0,-0.4894421904510968
295,1,0,0,1,2,0,0,1,1,0,1,29.69911764705882,0,0,-0.09027201697708476
296,1,0,2,1,2,0,0,1,1,0,3,23.5,0,0,-0.5028639729296732
297,0,2,0,0,2,2,0,0,0,0,1,2.0,1,2,2.4029901895877646
298,1,2,0,1,2,2,1,1,1,1,1,29.69911764705882,0,0,-0.034313694348132716
299,0,0,0,2,1,0,1,0,0,1,1,50.0,0,1,4.335332226633905
300,0,1,2,2,2,1,1,0,1,1,3,29.69911764705882,0,0,-0.49237782784290063
301,1,1,2,1,2,1,1,1,0,1,3,29.69911764705882,2,0,-0.18029017645086096
302,1,2,2,1,2,2,0,1,1,0,3,19.0,0,0,-0.6484216535389205
303,0,1,1,2,4,1,1,0,1,1,2,29.69911764705882,0,0,-0.3997582667846179
304,1,2,2,1,2,2,0,1,1,0,3,29.69911764705882,0,0,-0.4863374216869257
305,1,2,0,0,2,2,1,0,0,1,1,0.92,1,2,2.4029901895877646
306,0,0,0,2,2,0,1,0,1,1,1,29.69911764705882,0,0,1.5841789061771412
307,0,0,0,2,2,0,1,0,0,1,1,17.0,1,0,1.5442457810799908
308,1,0,1,1,2,0,0,1,0,0,2,30.0,1,0,-0.16518916106092355
309,0,0,0,2,4,0,1,0,1,1,1,30.0,0,0,0.49782998024351216
310,0,0,0,2,2,0,1,0,1,1,1,24.0,0,0,1.0259447039291216
311,0,0,0,2,1,0,1,0,0,1,1,18.0,2,2,4.634416897040849
312,0,2,1,2,2,2,0,0,0,0,2,26.0,1,1,-0.12491978668775715
313,1,2,2,1,2,2,0,1,1,0,3,28.0,0,0,-0.4894421904510968
314,1,2,1,1,2,2,0,1,0,0,2,43.0,1,1,-0.11988611489111134
315,0,2,2,2,2,2,1,0,1,1,3,26.0,0,0,-0.4902797934380587
316,0,2,1,2,2,2,1,0,0,1,2,24.0,1,0,-0.12491978668775715
317,1,2,1,1,2,2,0,1,1,0,2,54.0,0,0,-0.36653603292675563
318,0,2,0,2,2,2,1,0,0,1,1,31.0,0,2,2.671117778445337
319,0,0,0,2,4,0,1,0,0,1,1,40.0,1,1,2.059693773056521
320,1,2,2,1,2,2,0,1,1,0,3,22.0,0,0,-0.5024451714361923
321,1,2,2,1,2,2,0,1,1,0,3,27.0,0,0,-0.4894421904510968
322,0,1,1,2,2,1,1,0,1,1,2,30.0,0,0,-0.3997582667846179
323,0,2,1,2,2,2,1,0,0,1,2,22.0,1,1,-0.06451572512800753
324,1,2,2,1,2,2,0,1,0,0,3,29.69911764705882,8,2,0.7519458402879414
325,0,0,0,2,2,0,1,0,1,1,1,36.0,0,0,2.0825124140450755
326,1,2,2,1,2,2,0,1,1,0,3,61.0,0,0,-0.5228315422126077
327,0,2,1,2,3,2,1,0,1,1,2,36.0,0,0,-0.3866707201133388
328,0,2,2,2,2,2,1,0,0,1,3,31.0,1,1,-0.2351571990343002
329,0,0,0,2,1,0,1,0,0,1,1,16.0,0,1,0.5189714017894245
330,0,1,2,2,2,1,1,0,0,1,3,29.69911764705882,2,0,-0.18029017645086096
331,1,2,0,1,2,2,0,1,1,0,1,45.5,0,0,-0.07458306872129913
332,1,2,0,1,2,2,0,1,0,0,1,38.0,0,1,2.441497778832105
333,1,2,2,1,2,2,0,1,0,0,3,16.0,2,0,-0.2859972841804228
334,0,2,0,2,2,2,1,0,0,1,1,29.69911764705882,1,0,2.042579288947925
335,1,2,2,1,2,2,0,1,1,0,3,29.69911764705882,0,0,-0.4894421904510968
336,1,2,0,1,2,2,0,1,0,0,1,29.0,1,0,0.6925485130875209
337,0,0,0,2,4,0,1,0,1,1,1,41.0,0,0,2.059693773056521
338,1,2,2,1,2,2,1,1,1,1,3,45.0,0,0,-0.4863374216869257
339,1,2,0,1,2,2,0,1,1,0,1,45.0,0,0,0.06635974158478332
340,1,2,1,0,5,2,1,0,0,1,2,2.0,1,1,-0.12491978668775715
341,0,2,0,2,2,2,1,0,0,1,1,24.0,3,2,4.647001076532463
342,1,2,1,1,2,2,0,1,1,0,2,28.0,0,0,-0.3866707201133388
343,1,2,1,1,2,2,0,1,1,0,2,25.0,0,0,-0.3866707201133388
344,1,2,1,1,2,2,0,1,1,0,2,36.0,0,0,-0.3866707201133388
345,0,2,1,2,5,2,1,0,1,1,2,24.0,0,0,-0.3866707201133388
346,0,2,1,2,2,2,1,0,1,1,2,40.0,0,0,-0.3866707201133388
347,0,2,2,2,2,2,1,0,0,1,3,29.69911764705882,1,0,-0.32425318983493084
348,1,2,2,0,2,2,1,0,0,1,3,3.0,1,1,-0.32828012727224753
349,1,2,2,1,2,2,0,1,1,0,3,42.0,0,0,-0.47400492578514347
350,1,2,2,1,2,2,0,1,1,0,3,23.0,0,0,-0.4626791642426904
351,1,2,0,1,2,2,0,1,1,0,1,29.69911764705882,0,0,0.05629239799149171
352,1,0,2,0,2,0,0,0,0,0,3,15.0,1,1,-0.5028639729296732
353,1,2,2,1,2,2,0,1,0,0,3,25.0,1,0,-0.29002422161773944
354,1,0,2,1,2,0,0,1,1,0,3,29.69911764705882,0,0,-0.5029485386158568
355,1,2,2,1,2,2,0,1,1,0,3,28.0,0,0,-0.45714212526638004
356,0,2,0,2,4,2,1,0,0,1,1,22.0,0,1,0.4589861417231558
357,0,2,1,2,2,2,0,0,1,0,2,38.0,0,0,-0.3866707201133388
358,0,1,2,2,2,1,1,0,1,1,3,29.69911764705882,0,0,-0.48977642625839407
359,0,1,2,2,2,1,1,0,1,1,3,29.69911764705882,0,0,-0.48977642625839407
360,1,2,2,1,2,2,0,1,0,0,3,40.0,1,4,-0.08666388103324908
361,1,0,1,1,2,0,0,1,0,0,2,29.0,1,0,-0.09027201697708476
362,0,0,2,2,2,0,0,0,0,0,3,45.0,0,1,-0.3573908580066095
363,1,2,2,1,2,2,0,1,1,0,3,35.0,0,0,-0.5064721088735089
364,1,1,2,1,2,1,0,1,0,0,3,29.69911764705882,1,0,-0.3363340021468808
365,1,2,2,1,2,2,0,1,1,0,3,30.0,0,0,-0.5024451714361923
366,0,0,0,2,3,0,1,0,0,1,1,60.0,1,0,0.8667135572514657
367,0,0,2,2,2,0,1,0,1,1,3,29.69911764705882,0,0,-0.5028639729296732
368,0,1,2,2,2,1,1,0,1,1,3,29.69911764705882,0,0,-0.49237782784290063
369,0,0,0,2,1,0,1,0,1,1,1,24.0,0,0,0.7469121684912956
370,1,0,0,1,4,0,1,1,0,1,1,25.0,1,0,0.4678796330534696
371,1,2,2,1,2,2,0,1,0,0,3,18.0,1,0,-0.5176307525123133
372,1,2,2,1,2,2,0,1,1,0,3,19.0,0,0,-0.4863374216869257
373,1,0,0,1,2,0,0,1,1,0,1,22.0,0,0,2.0825124140450755
374,0,2,2,0,2,2,0,0,0,0,3,3.0,3,1,-0.22408312108167944
375,0,0,0,2,2,0,1,0,0,1,1,29.69911764705882,1,0,1.0060617003323709
376,0,2,2,2,2,2,1,0,1,1,3,22.0,0,0,-0.5024451714361923
377,1,0,0,1,2,0,0,1,0,0,1,27.0,0,2,3.610064686423428
378,1,0,2,1,2,0,0,1,1,0,3,20.0,0,0,-0.5676312212027554
379,1,2,2,1,2,2,0,1,1,0,3,19.0,0,0,-0.4918744606632361
380,0,0,0,2,2,0,1,0,1,1,1,42.0,0,0,3.9327230485884233
381,0,0,2,0,2,0,1,0,0,1,3,1.0,0,2,-0.33146744825388363
382,1,2,2,1,2,2,0,1,1,0,3,32.0,0,0,-0.4888542575852486
383,0,2,0,2,2,2,1,0,0,1,1,35.0,1,0,0.39858208016340624
384,1,2,2,1,2,2,0,1,1,0,3,29.69911764705882,0,0,-0.4894421904510968
385,1,2,1,1,2,2,0,1,1,0,2,18.0,0,0,0.8314778546749452
386,1,2,2,0,2,2,0,0,0,0,3,1.0,5,2,0.2958951755118318
387,0,2,1,2,2,2,1,0,1,1,2,36.0,0,0,-0.3866707201133388
388,1,1,2,1,2,1,0,1,1,0,3,29.69911764705882,0,0,-0.49279662933638163
389,0,0,1,2,2,0,1,0,1,1,2,17.0,0,0,-0.40680540729992204
390,1,2,0,1,1,2,1,1,0,1,1,36.0,1,2,1.7677408088510642
391,1,2,2,1,2,2,1,1,1,1,3,21.0,0,0,-0.49145565916975514
392,1,2,2,1,2,2,0,1,0,0,3,28.0,2,0,-0.4888542575852486
393,0,0,0,2,3,0,1,0,0,1,1,23.0,1,0,1.6323350375212924
394,0,2,2,2,6,2,1,0,0,1,3,24.0,0,2,-0.312172377522981
395,1,2,2,1,2,2,0,1,1,0,3,22.0,0,0,-0.49145565916975514
396,0,2,2,2,2,2,0,0,1,0,3,31.0,0,0,-0.4902797934380587
397,1,2,1,1,2,2,0,1,1,0,2,46.0,0,0,-0.12491978668775715
398,1,2,1,1,2,2,0,1,1,0,2,23.0,0,0,-0.43700743807979686
399,0,2,1,2,2,2,1,0,1,1,2,28.0,0,0,-0.393717860628643
400,1,2,2,1,2,2,1,1,1,1,3,39.0,0,0,-0.4888542575852486
401,1,2,2,1,2,2,0,1,1,0,3,26.0,0,0,-0.4863374216869257
402,0,2,2,2,2,2,0,0,0,0,3,21.0,1,0,-0.4505983519307405
403,1,2,2,1,2,2,0,1,0,0,3,28.0,1,0,-0.32928686163157667
404,0,2,2,2,2,2,0,0,1,0,3,20.0,0,0,-0.47400492578514347
405,1,2,1,1,2,2,0,1,0,0,2,34.0,1,0,-0.22559322262067316
406,1,2,2,1,2,2,0,1,1,0,3,51.0,0,0,-0.49237782784290063
407,1,2,1,0,2,2,1,0,0,1,2,3.0,1,1,-0.2708962687904854
408,1,2,2,1,2,2,0,1,1,0,3,21.0,0,0,-0.4918744606632361
409,0,2,2,2,2,2,0,0,0,0,3,29.69911764705882,3,1,-0.13565761536436197
410,1,2,2,1,2,2,0,1,1,0,3,29.69911764705882,0,0,-0.4894421904510968
411,1,1,2,1,2,1,0,1,1,0,3,29.69911764705882,0,0,-0.5103319284071769
412,0,1,0,2,2,1,1,0,0,1,1,33.0,1,0,1.163700193253568
413,1,2,1,1,2,2,0,1,1,0,2,29.69911764705882,0,0,-0.6484216535389205
414,1,2,2,1,2,2,1,1,1,1,3,44.0,0,0,-0.4888542575852486
415,0,2,2,2,2,2,0,0,1,0,3,29.69911764705882,0,0,-0.4863374216869257
416,0,2,1,2,2,2,1,0,0,1,2,34.0,1,1,0.005955680025033696
417,0,2,1,2,2,2,1,0,0,1,2,18.0,0,2,-0.3866707201133388
418,1,2,1,1,2,2,0,1,1,0,2,30.0,0,0,-0.3866707201133388
419,0,2,2,0,2,2,0,0,0,0,3,10.0,0,2,-0.1621689579829361
420,1,0,2,1,2,0,0,1,1,0,3,29.69911764705882,0,0,-0.4894421904510968
421,1,1,2,1,2,1,0,1,1,0,3,21.0,0,0,-0.49271407711891657
422,1,2,2,1,2,2,0,1,1,0,3,29.0,0,0,-0.4898609919445778
423,0,2,2,2,2,2,0,0,0,0,3,28.0,1,1,-0.35848215805212236
424,1,2,2,1,2,2,0,1,0,0,3,18.0,1,1,-0.2414492887801075
425,1,2,2,1,2,2,0,1,1,0,3,29.69911764705882,0,0,-0.5024451714361923
426,0,2,1,2,2,2,1,0,0,1,2,28.0,1,0,-0.12491978668775715
427,0,2,1,2,2,2,1,0,1,1,2,19.0,0,0,-0.12491978668775715
428,1,1,2,1,2,1,0,1,1,0,3,29.69911764705882,0,0,-0.49237782784290063
429,1,2,2,1,4,2,1,1,1,1,3,32.0,0,0,-0.4863374216869257
430,1,2,0,1,2,2,1,1,1,1,1,28.0,0,0,-0.11384570873513637
431,0,2,2,2,2,2,1,0,0,1,3,29.69911764705882,1,0,-0.32425318983493084
432,0,2,1,2,2,2,1,0,0,1,2,42.0,1,0,-0.12491978668775715
433,1,2,2,1,2,2,0,1,1,0,3,17.0,0,0,-0.5049620073345151
434,1,2,0,1,4,2,0,1,0,0,1,50.0,1,0,0.4771073601910807
435,0,2,0,0,1,2,1,0,0,1,1,14.0,1,2,1.7677408088510642
436,0,2,2,2,2,2,0,0,0,0,3,21.0,2,2,0.04370821849987721
437,0,2,1,2,2,2,1,0,0,1,2,24.0,2,3,-0.2708962687904854
438,1,2,0,1,2,2,0,1,0,0,1,64.0,1,4,4.647001076532463
439,1,2,1,1,2,2,0,1,1,0,2,31.0,0,0,-0.43700743807979686
440,0,2,1,2,2,2,1,0,0,1,2,45.0,1,1,-0.11988611489111134
441,1,2,2,1,2,2,0,1,1,0,3,20.0,0,0,-0.45714212526638004
442,1,2,2,1,2,2,0,1,0,0,3,25.0,1,0,-0.4918744606632361
443,0,2,1,2,2,2,1,0,1,1,2,28.0,0,0,-0.3866707201133388
444,1,2,2,1,2,2,1,1,1,1,3,29.69911764705882,0,0,-0.48507900373776425
445,1,2,0,0,0,2,1,0,0,1,1,4.0,0,2,0.9997696105865636
446,0,2,1,0,2,2,1,0,0,1,2,13.0,0,1,-0.255795253400548
447,1,2,0,1,2,2,1,1,1,1,1,34.0,0,0,-0.11384570873513637
448,0,0,2,0,2,0,1,0,0,1,3,5.0,2,1,-0.26066180729354516
449,1,2,0,1,2,2,1,1,1,1,1,52.0,0,0,-0.034313694348132716
450,1,2,1,1,2,2,0,1,0,0,2,36.0,1,2,-0.08968408411123653
451,1,2,2,1,2,2,0,1,0,0,3,29.69911764705882,1,0,-0.2463983948905696
452,1,0,0,1,2,0,0,1,1,0,1,30.0,0,0,-0.08968408411123653
453,1,0,0,1,2,0,1,1,0,1,1,49.0,1,0,1.145663540471827
454,1,2,2,1,2,2,0,1,1,0,3,29.69911764705882,0,0,-0.4863374216869257
455,1,0,2,1,2,0,1,1,1,1,3,29.0,0,0,-0.4894421904510968
456,1,2,0,1,4,2,0,1,1,0,1,65.0,0,0,-0.11384570873513637
457,0,2,0,2,3,2,1,0,0,1,1,29.69911764705882,1,0,0.395813560675251
458,0,2,1,2,2,2,1,0,1,1,2,50.0,0,0,-0.43700743807979686
459,1,1,2,1,2,1,0,1,1,0,3,29.69911764705882,0,0,-0.49237782784290063
460,1,2,0,1,4,2,1,1,1,1,1,48.0,0,0,-0.11384570873513637
461,1,2,2,1,2,2,0,1,1,0,3,34.0,0,0,-0.4863374216869257
462,1,2,0,1,4,2,0,1,1,0,1,47.0,0,0,0.12676380314453292
463,1,2,1,1,2,2,0,1,1,0,2,48.0,0,0,-0.3866707201133388
464,1,2,2,1,2,2,0,1,1,0,3,29.69911764705882,0,0,-0.4863374216869257
465,1,2,2,1,2,2,0,1,1,0,3,38.0,0,0,-0.5064721088735089
466,1,2,1,1,2,2,0,1,1,0,2,29.69911764705882,0,0,-0.6484216535389205
467,1,2,0,1,2,2,0,1,1,0,1,56.0,0,0,-0.11384570873513637
468,1,1,2,1,2,1,0,1,1,0,3,29.69911764705882,0,0,-0.4928811950225652
469,0,0,2,0,2,0,1,0,0,1,3,0.75,2,1,-0.26066180729354516
470,1,2,2,1,2,2,0,1,1,0,3,29.69911764705882,0,0,-0.5024451714361923
471,1,2,2,1,2,2,0,1,1,0,3,38.0,0,0,-0.47400492578514347
472,0,2,1,2,2,2,1,0,0,1,2,33.0,1,2,-0.08968408411123653
473,0,0,1,2,3,0,1,0,1,1,2,23.0,0,0,-0.3707300882677209
474,0,2,2,2,2,2,0,0,1,0,3,22.0,0,0,-0.45034666834090825
475,1,2,0,1,0,2,0,1,1,0,1,29.69911764705882,0,0,0.39858208016340624
476,1,2,1,1,2,2,0,1,0,0,2,34.0,1,0,-0.22559322262067316
477,1,2,2,1,2,2,0,1,0,0,3,29.0,1,0,-0.5065566745596926
478,1,2,2,1,2,2,0,1,1,0,3,22.0,0,0,-0.4969926981460655
479,0,2,2,0,2,2,1,0,0,1,3,2.0,0,1,-0.4010166847337793
480,1,2,2,0,2,2,0,0,0,0,3,9.0,5,2,0.2958951755118318
481,1,2,1,1,2,2,0,1,1,0,2,29.69911764705882,0,0,-0.6484216535389205
482,1,2,2,1,2,2,0,1,1,0,3,50.0,0,0,-0.4863374216869257
483,0,2,2,2,2,2,1,0,1,1,3,63.0,0,0,-0.455380340137554
484,1,0,0,1,1,0,1,1,0,1,1,25.0,1,0,1.1854295476653287
485,0,2,2,2,2,2,0,0,0,0,3,29.69911764705882,3,1,-0.13565761536436197
486,0,2,0,2,2,2,1,0,0,1,1,35.0,1,0,1.163700193253568
487,1,0,0,1,1,0,0,1,1,0,1,58.0,0,0,-0.05042144409739929
488,1,2,2,1,2,2,0,1,1,0,3,30.0,0,0,-0.4863374216869257
489,1,2,2,0,2,2,1,0,0,1,3,9.0,1,1,-0.32828012727224753
490,1,2,2,1,2,2,0,1,0,0,3,29.69911764705882,1,0,-0.2463983948905696
491,1,2,2,1,2,2,0,1,1,0,3,21.0,0,0,-0.5024451714361923
492,1,2,0,1,2,2,0,1,1,0,1,55.0,0,0,-0.034313694348132716
493,1,0,0,1,2,0,0,1,1,0,1,71.0,0,0,0.3483299278831318
494,1,2,2,1,2,2,0,1,1,0,3,21.0,0,0,-0.4863374216869257
495,1,0,2,1,2,0,0,1,1,0,3,29.69911764705882,0,0,-0.3573083057891445
496,0,0,0,2,3,0,1,0,0,1,1,54.0,1,0,0.9274538680872313
497,1,2,2,1,2,2,0,1,1,0,3,29.69911764705882,0,0,-0.3443878770215141
498,0,2,0,2,2,2,0,0,0,0,1,25.0,1,2,2.4029901895877646
499,1,2,2,1,2,2,0,1,1,0,3,24.0,0,0,-0.49145565916975514
500,1,2,2,1,2,2,0,1,1,0,3,17.0,0,0,-0.47400492578514347
501,0,1,2,2,2,1,0,0,1,0,3,21.0,0,0,-0.49237782784290063
502,0,1,2,2,2,1,0,0,1,0,3,29.69911764705882,0,0,-0.4948100980550399
503,0,2,2,2,2,2,0,0,1,0,3,37.0,0,0,-0.455380340137554
504,0,2,0,2,1,2,1,0,1,1,1,16.0,0,0,1.093228788100527
505,1,0,0,1,2,0,0,1,0,0,1,18.0,1,0,1.5442457810799908
506,0,2,1,2,2,2,1,0,0,1,2,33.0,0,2,-0.12491978668775715
507,1,2,0,1,2,2,1,1,1,1,1,29.69911764705882,0,0,-0.11384570873513637
508,1,2,2,1,2,2,0,1,1,0,3,28.0,0,0,-0.1948878246611338
509,1,2,2,1,2,2,1,1,1,1,3,26.0,0,0,0.48910360681684706
510,1,1,2,1,2,1,1,1,1,1,3,29.0,0,0,-0.49237782784290063
511,1,2,2,1,2,2,0,1,1,0,3,29.69911764705882,0,0,-0.4863374216869257
512,1,2,0,1,4,2,1,1,1,1,1,36.0,0,0,-0.11913106412161445
513,0,0,0,2,2,0,1,0,0,1,1,54.0,1,0,0.5475787653441219
514,1,2,2,1,2,2,0,1,1,0,3,24.0,0,0,-0.4974960653257301
515,1,2,0,1,3,2,0,1,1,0,1,47.0,0,0,0.036576512298389464
516,0,2,1,2,5,2,1,0,1,1,2,34.0,0,0,-0.43700743807979686
517,1,1,2,1,2,1,0,1,1,0,3,29.69911764705882,0,0,-0.1621689579829361
518,0,2,1,2,2,2,1,0,0,1,2,36.0,1,0,-0.12491978668775715
519,1,2,2,1,2,2,0,1,1,0,3,32.0,0,0,-0.4894421904510968
520,0,2,0,2,1,2,1,0,1,1,1,30.0,0,0,1.2341715984066093
521,1,2,2,1,2,2,0,1,1,0,3,22.0,0,0,-0.4894421904510968
522,1,0,2,1,2,0,0,1,1,0,3,29.69911764705882,0,0,-0.5029485386158568
523,0,0,0,2,1,0,1,0,0,1,1,44.0,0,1,0.5189714017894245
524,1,0,2,1,2,0,0,1,1,0,3,29.69911764705882,0,0,-0.5028639729296732
525,1,1,2,1,2,1,0,1,1,0,3,40.5,0,0,-0.49237782784290063
526,0,2,1,2,2,2,1,0,1,1,2,50.0,0,0,-0.43700743807979686
527,1,2,0,1,2,2,0,1,1,0,1,29.69911764705882,0,0,3.817033162951754
528,1,2,2,1,2,2,0,1,1,0,3,39.0,0,0,-0.4888542575852486
529,1,2,1,1,2,2,0,1,0,0,2,23.0,2,1,-0.41687275089321363
530,0,2,1,0,2,2,1,0,0,1,2,2.0,1,1,-0.12491978668775715
531,1,0,2,1,2,0,0,1,1,0,3,29.69911764705882,0,0,-0.5028639729296732
532,1,0,2,1,2,0,0,1,0,0,3,17.0,1,1,-0.5028639729296732
533,0,0,2,2,2,0,1,0,0,1,3,29.69911764705882,0,2,-0.19824427701513722
534,0,2,2,2,2,2,0,0,1,0,3,30.0,0,0,-0.47400492578514347
535,0,2,1,0,2,2,1,0,0,1,2,7.0,0,2,-0.11988611489111134
536,1,2,0,1,1,2,0,1,1,0,1,45.0,0,0,-0.11384570873513637
537,0,0,0,2,2,0,1,0,1,1,1,30.0,0,0,1.4944124302931971
538,1,2,2,1,2,2,0,1,1,0,3,29.69911764705882,0,0,-0.35646868933346404
539,0,0,0,2,1,0,1,0,0,1,1,22.0,0,2,0.3482453621969482
540,0,2,0,2,1,2,1,0,0,1,1,36.0,0,2,0.7811411367084872
541,0,2,2,0,2,2,0,0,0,0,3,9.0,4,2,-0.01870931177853076
542,0,2,2,0,2,2,0,0,0,0,3,11.0,4,2,-0.01870931177853076
543,1,2,1,1,2,2,1,1,0,1,2,32.0,1,0,-0.12491978668775715
544,1,0,0,1,2,0,0,1,0,0,1,50.0,1,0,1.4944124302931971
545,1,2,0,1,2,2,0,1,1,0,1,64.0,0,0,-0.12491978668775715
546,0,2,1,2,2,2,1,0,0,1,2,19.0,1,0,-0.12491978668775715
547,1,0,1,1,2,0,1,1,1,1,2,29.69911764705882,0,0,-0.3693045524149108
548,1,2,2,1,2,2,0,1,0,0,3,33.0,1,1,-0.2351571990343002
549,1,2,1,0,2,2,1,0,0,1,2,8.0,1,1,0.09152810056801232
550,1,0,0,1,2,0,1,1,0,1,1,17.0,0,2,1.5841789061771412
551,1,2,1,1,2,2,0,1,1,0,2,27.0,0,0,-0.12491978668775715
552,1,1,2,1,2,1,0,1,1,0,3,29.69911764705882,0,0,-0.49078316061772326
553,1,0,2,1,2,0,1,1,1,1,3,22.0,0,0,-0.5029485386158568
554,0,2,2,2,2,2,1,0,1,1,3,22.0,0,0,-0.4918744606632361
555,1,2,0,1,2,2,0,1,1,0,1,62.0,0,0,-0.11384570873513637
556,0,0,0,2,0,0,1,0,0,1,1,48.0,1,0,0.1489119590497745
557,1,0,0,1,2,0,0,1,1,0,1,29.69911764705882,0,0,3.9327230485884233
558,0,2,0,2,4,2,1,0,0,1,1,39.0,1,1,0.955306180872432
559,0,2,2,2,2,2,1,0,0,1,3,36.0,1,0,-0.29807809649237277
560,1,1,2,1,2,1,0,1,1,0,3,29.69911764705882,0,0,-0.49237782784290063
561,1,2,2,1,2,2,0,1,1,0,3,40.0,0,0,-0.4894421904510968
562,1,2,1,1,2,2,0,1,1,0,2,28.0,0,0,-0.3766033765200472
563,1,2,2,1,2,2,0,1,1,0,3,29.69911764705882,0,0,-0.4863374216869257
564,0,2,2,2,2,2,0,0,1,0,3,29.69911764705882,0,0,-0.4863374216869257
565,1,2,2,1,2,2,0,1,0,0,3,24.0,2,0,-0.1621689579829361
566,1,2,2,1,2,2,0,1,1,0,3,19.0,0,0,-0.4894421904510968
567,0,2,2,2,2,2,0,0,0,0,3,29.0,0,4,-0.22408312108167944
568,1,0,2,1,2,0,0,1,1,0,3,29.69911764705882,0,0,-0.5028639729296732
569,1,2,2,1,2,2,1,1,1,1,3,32.0,0,0,-0.4902797934380587
570,1,2,1,1,2,2,1,1,1,1,2,62.0,0,0,-0.43700743807979686
571,0,2,0,2,2,2,1,0,0,1,1,53.0,2,0,0.38809593507663365
572,1,2,0,1,4,2,1,1,1,1,1,36.0,0,0,-0.11711759540295616
573,0,1,2,2,2,1,1,0,1,1,3,29.69911764705882,0,0,-0.49237782784290063
574,1,2,2,1,2,2,0,1,1,0,3,16.0,0,0,-0.4863374216869257
575,1,2,2,1,2,2,0,1,1,0,3,19.0,0,0,-0.35646868933346404
576,0,2,1,2,2,2,1,0,1,1,2,34.0,0,0,-0.3866707201133388
577,0,2,0,2,4,2,1,0,0,1,1,39.0,1,0,0.4771073601910807
578,0,0,2,2,2,0,0,0,0,0,3,29.69911764705882,1,0,-0.3573083057891445
579,1,2,2,1,2,2,1,1,1,1,3,32.0,0,0,-0.4888542575852486
580,0,2,1,2,2,2,1,0,0,1,2,25.0,1,1,-0.04438103794142432
581,0,0,0,2,2,0,1,0,0,1,1,39.0,1,1,1.5841789061771412
582,1,2,1,1,2,2,0,1,1,0,2,54.0,0,0,-0.12491978668775715
583,1,0,0,1,0,0,0,1,1,0,1,36.0,0,0,0.15948266982273065
584,1,0,2,1,2,0,0,1,1,0,3,29.69911764705882,0,0,-0.47299819142581434
585,0,2,0,2,4,2,1,0,0,1,1,18.0,0,2,0.955306180872432
586,1,2,1,1,2,2,0,1,1,0,2,47.0,0,0,-0.3464013457401724
587,1,0,0,1,1,0,1,1,0,1,1,60.0,1,1,0.9462455716384695
588,1,2,2,1,2,2,0,1,1,0,3,22.0,0,0,-0.4863374216869257
589,1,2,2,1,2,2,0,1,1,0,3,29.69911764705882,0,0,-0.4863374216869257
590,1,2,2,1,2,2,0,1,1,0,3,35.0,0,0,-0.5049620073345151
591,0,0,0,2,3,0,1,0,0,1,1,52.0,1,0,0.9274538680872313
592,1,2,2,1,2,2,0,1,1,0,3,47.0,0,0,-0.5024451714361923
593,0,1,2,2,2,1,0,0,0,0,3,29.69911764705882,0,2,-0.49237782784290063
594,1,2,1,1,2,2,0,1,0,0,2,37.0,1,0,-0.12491978668775715
595,1,2,2,1,2,2,0,1,0,0,3,36.0,1,1,-0.1621689579829361
596,0,2,1,2,2,2,1,0,1,1,2,29.69911764705882,0,0,0.016023023618325298
597,1,2,2,1,2,2,0,1,1,0,3,49.0,0,0,-0.6484216535389205
598,1,0,2,1,2,0,0,1,1,0,3,29.69911764705882,0,0,-0.5029485386158568
599,1,0,0,1,0,0,1,1,0,1,1,49.0,1,0,0.49782998024351216
600,0,2,1,2,2,2,1,0,0,1,2,24.0,2,1,-0.10478509950117394
601,1,2,2,1,2,2,0,1,1,0,3,29.69911764705882,0,0,-0.4894421904510968
602,1,2,0,1,2,2,0,1,1,0,1,29.69911764705882,0,0,0.2052890831722074
603,1,2,2,1,2,2,0,1,1,0,3,44.0,0,0,-0.4863374216869257
604,1,0,0,1,2,0,1,1,1,1,1,35.0,0,0,-0.11384570873513637
605,1,2,2,1,2,2,0,1,0,0,3,36.0,1,0,-0.3353272677875516
606,1,2,2,1,2,2,0,1,1,0,3,30.0,0,0,-0.4894421904510968
607,1,2,0,1,2,2,1,1,1,1,1,27.0,0,0,-0.034313694348132716
608,0,0,1,2,2,0,1,0,0,1,2,22.0,1,2,0.18876253192945994
609,0,2,0,2,2,2,1,0,1,1,1,40.0,0,0,2.441497778832105
610,0,2,2,2,2,2,0,0,0,0,3,39.0,1,5,-0.01870931177853076
611,1,2,2,1,2,2,0,1,1,0,3,29.69911764705882,0,0,-0.5064721088735089
612,0,1,2,2,2,1,1,0,0,1,3,29.69911764705882,1,0,-0.3363340021468808
613,1,1,2,1,2,1,0,1,1,0,3,29.69911764705882,0,0,-0.49237782784290063
614,1,2,2,1,2,2,0,1,1,0,3,35.0,0,0,-0.4863374216869257
615,0,2,1,2,2,2,1,0,0,1,2,24.0,1,2,0.6603330135889879
616,1,2,2,1,2,2,0,1,0,0,3,34.0,1,1,-0.35848215805212236
617,0,2,2,2,2,2,0,0,0,0,3,26.0,1,0,-0.32425318983493084
618,0,2,1,0,5,2,1,0,0,1,2,4.0,2,1,0.13683114673782454
619,1,2,1,1,2,2,0,1,1,0,2,26.0,0,0,-0.43700743807979686
620,1,0,2,1,2,0,0,1,0,0,3,27.0,1,0,-0.3573908580066095
621,1,2,0,1,3,2,1,1,0,1,1,42.0,1,0,0.40974072380221066
622,1,0,2,1,2,0,1,1,0,1,3,20.0,1,1,-0.33146744825388363
623,1,2,2,1,2,2,0,1,1,0,3,21.0,0,0,-0.4902797934380587
624,1,2,2,1,2,2,0,1,1,0,3,21.0,0,0,-0.32425318983493084
625,1,2,0,1,3,2,0,1,1,0,1,61.0,0,0,0.002347544081197954
626,1,1,1,1,2,1,0,1,1,0,2,57.0,0,0,-0.3997582667846179
627,0,2,0,2,3,2,1,0,1,1,1,21.0,0,0,0.921244330558889
628,1,2,2,1,2,2,0,1,1,0,3,26.0,0,0,-0.4894421904510968
629,1,1,2,1,2,1,0,1,1,0,3,29.69911764705882,0,0,-0.49271407711891657
630,1,2,0,1,0,2,1,1,1,1,1,80.0,0,0,-0.04438103794142432
631,1,2,2,1,2,2,0,1,1,0,3,51.0,0,0,-0.5063875431873253
632,1,0,0,1,1,0,1,1,1,1,1,32.0,0,0,-0.034313694348132716
633,1,2,0,1,2,2,0,1,1,0,1,29.69911764705882,0,0,-0.6484216535389205
634,0,2,2,0,2,2,0,0,0,0,3,9.0,3,2,-0.08666388103324908
635,0,2,1,2,2,2,1,0,1,1,2,28.0,0,0,-0.3866707201133388
636,1,2,2,1,2,2,0,1,1,0,3,32.0,0,0,-0.4888542575852486
637,1,2,1,1,2,2,0,1,0,0,2,31.0,1,1,-0.11988611489111134
638,0,2,2,2,2,2,0,0,0,0,3,41.0,0,5,0.1506737441786005
639,1,2,2,1,2,2,0,1,0,0,3,29.69911764705882,1,0,-0.32425318983493084
640,1,2,2,1,2,2,0,1,1,0,3,20.0,0,0,-0.4902797934380587
641,0,0,0,2,1,0,1,0,1,1,1,24.0,0,0,0.7469121684912956
642,0,2,2,0,2,2,0,0,0,0,3,2.0,3,2,-0.08666388103324908
643,1,2,2,1,2,2,1,1,1,1,3,29.69911764705882,0,0,0.48910360681684706
644,0,0,2,0,2,0,1,0,0,1,3,0.75,2,1,-0.26066180729354516
645,1,0,0,1,3,0,1,1,0,1,1,48.0,1,0,0.8964967865378598
646,1,2,2,1,2,2,0,1,1,0,3,19.0,0,0,-0.4894421904510968
647,1,0,0,1,0,0,1,1,1,1,1,56.0,0,0,0.06635974158478332
648,1,2,2,1,2,2,0,1,1,0,3,29.69911764705882,0,0,-0.49640476528021726
649,0,2,2,2,2,2,1,0,1,1,3,23.0,0,0,-0.49640476528021726
650,1,2,2,1,2,2,0,1,1,0,3,29.69911764705882,0,0,-0.4894421904510968
651,0,2,1,2,2,2,1,0,0,1,2,18.0,0,1,-0.18532384824750675
652,1,2,2,1,2,2,0,1,1,0,3,21.0,0,0,-0.47861979608830835
653,0,1,2,2,2,1,1,0,1,1,3,29.69911764705882,0,0,-0.49078316061772326
654,0,1,2,2,2,1,0,0,1,0,3,18.0,0,0,-0.5125125150294839
655,1,2,1,1,2,2,0,1,0,0,2,24.0,2,0,0.8314778546749452
656,1,2,2,1,2,2,0,1,1,0,3,29.69911764705882,0,0,-0.4894421904510968
657,0,1,2,2,2,1,0,0,0,0,3,32.0,1,1,-0.3363340021468808
658,1,2,1,1,2,2,0,1,1,0,2,23.0,0,0,-0.3866707201133388
659,1,0,0,1,3,0,0,1,0,0,1,58.0,0,2,1.6323350375212924
660,1,2,0,1,2,2,1,1,0,1,1,50.0,2,0,2.042579288947925
661,1,0,2,1,2,0,0,1,1,0,3,40.0,0,0,-0.5029485386158568
662,1,2,0,1,4,2,0,1,1,0,1,47.0,0,0,-0.13322534515222276
663,1,2,2,1,2,2,0,1,1,0,3,36.0,0,0,-0.4974960653257301
664,1,2,2,1,2,2,1,1,0,1,3,20.0,1,0,-0.4888542575852486
665,1,2,1,1,2,2,0,1,0,0,2,32.0,2,0,0.8314778546749452
666,1,2,1,1,2,2,0,1,1,0,2,25.0,0,0,-0.3866707201133388
667,1,2,2,1,2,2,0,1,1,0,3,29.69911764705882,0,0,-0.4918744606632361
668,1,2,2,1,2,2,0,1,1,0,3,43.0,0,0,-0.4863374216869257
669,0,2,0,2,2,2,1,0,0,1,1,29.69911764705882,1,0,0.39858208016340624
670,0,2,1,2,2,2,1,0,0,1,2,40.0,1,1,0.13683114673782454
671,1,2,0,1,1,2,0,1,0,0,1,31.0,1,0,0.39858208016340624
672,1,2,1,1,2,2,0,1,1,0,2,70.0,0,0,-0.43700743807979686
673,1,2,1,1,2,2,1,1,1,1,2,31.0,0,0,-0.3866707201133388
674,1,2,1,1,2,2,0,1,1,0,2,29.69911764705882,0,0,-0.6484216535389205
675,1,2,2,1,2,2,0,1,1,0,3,18.0,0,0,-0.4918744606632361
676,1,2,2,1,2,2,0,1,1,0,3,24.5,0,0,-0.4863374216869257
677,0,2,2,2,2,2,1,0,1,1,3,18.0,0,0,-0.45026210265472455
678,0,2,2,2,2,2,0,0,0,0,3,43.0,1,6,0.2958951755118318
679,1,0,0,1,1,0,1,1,0,1,1,36.0,0,1,9.667166525013505
680,0,1,2,2,2,1,0,0,1,0,3,29.69911764705882,0,0,-0.48457563655809965
681,1,0,0,1,3,0,1,1,1,1,1,27.0,0,0,0.8964967865378598
682,1,2,2,1,2,2,0,1,1,0,3,20.0,0,0,-0.4626791642426904
683,1,2,2,0,2,2,0,0,0,0,3,14.0,5,2,0.2958951755118318
684,1,2,1,1,2,2,0,1,0,0,2,60.0,1,1,0.13683114673782454
685,1,0,1,1,2,0,0,1,0,0,2,25.0,1,2,0.18876253192945994
686,1,2,2,0,2,2,0,0,0,0,3,14.0,4,1,0.1506737441786005
687,1,2,2,1,2,2,0,1,1,0,3,19.0,0,0,-0.44363577710162005
688,1,2,2,1,2,2,0,1,1,0,3,18.0,0,0,-0.49145565916975514
689,0,2,0,0,1,2,1,0,0,1,1,15.0,0,1,3.6067927997556075
690,1,2,0,1,1,2,1,1,0,1,1,31.0,1,0,0.49925551609632224
691,0,0,2,0,2,0,1,0,0,1,3,4.0,0,1,-0.37828059596268965
692,1,2,2,1,2,2,1,1,1,1,3,29.69911764705882,0,0,0.48910360681684706
693,1,0,2,1,2,0,0,1,1,0,3,25.0,0,0,-0.5029485386158568
694,1,2,0,1,2,2,0,1,1,0,1,60.0,0,0,-0.11384570873513637
695,1,2,1,1,2,2,0,1,1,0,2,52.0,0,0,-0.3766033765200472
696,1,2,2,1,2,2,0,1,1,0,3,44.0,0,0,-0.4863374216869257
697,0,1,2,2,2,1,1,0,1,1,3,29.69911764705882,0,0,-0.49271407711891657
698,1,0,0,1,2,0,0,1,0,0,1,49.0,1,1,1.5841789061771412
699,1,2,2,1,5,2,0,1,1,0,3,42.0,0,0,-0.494391296561559
700,0,0,0,2,2,0,1,0,0,1,1,18.0,1,0,3.9327230485884233
701,1,2,0,1,4,2,1,1,1,1,1,35.0,0,0,-0.11913106412161445
702,0,0,2,2,2,0,0,0,0,0,3,18.0,0,1,-0.3573908580066095
703,1,1,2,1,2,1,0,1,1,0,3,25.0,0,0,-0.4925449457465493
704,1,2,2,1,2,2,0,1,0,0,3,26.0,1,0,-0.4902797934380587
705,1,2,1,1,2,2,0,1,1,0,2,39.0,0,0,-0.12491978668775715
706,0,2,1,2,2,2,1,0,1,1,2,45.0,0,0,-0.3766033765200472
707,1,2,0,1,4,2,1,1,1,1,1,42.0,0,0,-0.11913106412161445
708,0,2,0,2,2,2,1,0,1,1,1,22.0,0,0,2.4029901895877646
709,1,0,2,1,2,0,1,1,0,1,3,29.69911764705882,1,1,-0.3414522396297103
710,0,0,0,2,2,0,1,0,1,1,1,24.0,0,0,0.3483299278831318
711,1,2,0,1,2,2,0,1,1,0,1,29.69911764705882,0,0,-0.11384570873513637
712,1,2,0,1,2,2,1,1,0,1,1,48.0,1,0,0.39858208016340624
713,1,2,2,1,2,2,0,1,1,0,3,29.0,0,0,-0.457478374542396
714,1,2,1,1,2,2,0,1,1,0,2,52.0,0,0,-0.3866707201133388
715,1,2,2,1,5,2,0,1,1,0,3,19.0,0,0,-0.494391296561559
716,0,0,0,2,2,0,1,0,1,1,1,38.0,0,0,3.9327230485884233
717,0,2,1,2,4,2,1,0,1,1,2,27.0,0,0,-0.43700743807979686
718,1,1,2,1,2,1,0,1,1,0,3,29.69911764705882,0,0,-0.3363340021468808
719,1,2,2,1,2,2,0,1,1,0,3,33.0,0,0,-0.4918744606632361
720,0,2,1,0,2,2,1,0,0,1,2,6.0,0,1,0.016023023618325298
721,1,2,2,1,2,2,0,1,0,0,3,17.0,1,0,-0.5063875431873253
722,1,2,1,1,2,2,0,1,1,0,2,34.0,0,0,-0.3866707201133388
723,1,2,1,1,2,2,0,1,1,0,2,50.0,0,0,-0.3866707201133388
724,1,2,0,1,4,2,1,1,0,1,1,27.0,1,0,0.4207302360686478
725,1,2,2,1,2,2,0,1,1,0,3,20.0,0,0,-0.47400492578514347
726,0,2,1,2,2,2,1,0,0,1,2,30.0,3,0,-0.22559322262067316
727,0,1,2,2,2,1,1,0,1,1,3,29.69911764705882,0,0,-0.4926295114327329
728,1,2,1,1,2,2,0,1,0,0,2,25.0,1,0,-0.12491978668775715
729,0,2,2,2,2,2,0,0,0,0,3,25.0,1,0,-0.4888542575852486
730,0,2,0,2,1,2,1,0,1,1,1,29.0,0,0,3.6067927997556075
731,1,0,2,0,2,0,0,0,1,0,3,11.0,0,0,-0.2701412180209885
732,1,2,1,1,2,2,0,1,1,0,2,29.69911764705882,0,0,-0.6484216535389205
733,1,2,1,1,2,2,0,1,1,0,2,23.0,0,0,-0.3866707201133388
734,1,2,1,1,2,2,0,1,1,0,2,23.0,0,0,-0.3866707201133388
735,1,2,2,1,2,2,0,1,1,0,3,28.5,0,0,-0.32425318983493084
736,0,2,2,2,2,2,0,0,0,0,3,48.0,1,3,0.04370821849987721
737,1,0,0,1,1,0,1,1,1,1,1,35.0,0,0,9.667166525013505
738,1,2,2,1,2,2,0,1,1,0,3,29.69911764705882,0,0,-0.4894421904510968
739,1,2,2,1,2,2,0,1,1,0,3,29.69911764705882,0,0,-0.4894421904510968
740,1,2,0,1,3,2,1,1,1,1,1,29.69911764705882,0,0,-0.04438103794142432
741,1,2,0,1,2,2,0,1,0,0,1,36.0,1,0,0.9391984311231651
742,0,0,0,2,1,0,1,0,0,1,1,21.0,2,2,4.634416897040849
743,1,2,2,1,2,2,0,1,0,0,3,24.0,1,0,-0.32425318983493084
744,1,2,2,1,2,2,1,1,1,1,3,31.0,0,0,-0.4888542575852486
745,1,2,0,1,1,2,0,1,0,0,1,70.0,1,1,0.7811411367084872
746,1,2,2,1,2,2,0,1,0,0,3,16.0,1,1,-0.24069423801061057
747,0,2,1,2,2,2,1,0,1,1,2,30.0,0,0,-0.3866707201133388
748,1,2,0,1,3,2,0,1,0,0,1,19.0,1,0,0.4207302360686478
749,1,1,2,1,2,1,0,1,1,0,3,31.0,0,0,-0.49237782784290063
750,0,2,1,0,2,2,1,0,0,1,2,4.0,1,1,-0.18532384824750675
751,1,2,2,0,4,2,1,0,0,1,3,6.0,0,1,-0.397241430886295
752,1,2,2,1,2,2,0,1,1,0,3,33.0,0,0,-0.45714212526638004
753,1,2,2,1,2,2,0,1,1,0,3,23.0,0,0,-0.4894421904510968
754,0,2,1,2,2,2,1,0,0,1,2,48.0,1,2,0.6603330135889879
755,1,2,1,0,2,2,1,0,0,1,2,0.67,1,1,-0.35646868933346404
756,1,2,2,1,2,2,0,1,1,0,3,28.0,0,0,-0.49145565916975514
757,1,2,1,1,2,2,0,1,1,0,2,18.0,0,0,-0.41687275089321363
758,1,2,2,1,2,2,0,1,1,0,3,34.0,0,0,-0.4863374216869257
759,0,2,0,2,1,2,1,0,1,1,1,33.0,0,0,1.093228788100527
760,1,2,2,1,2,2,0,1,1,0,3,29.69911764705882,0,0,-0.35646868933346404
761,1,2,2,1,2,2,0,1,1,0,3,41.0,0,0,-0.5049620073345151
762,1,0,2,1,2,0,1,1,1,1,3,20.0,0,0,-0.5028639729296732
763,0,2,0,2,1,2,1,0,0,1,1,36.0,1,2,1.7677408088510642
764,1,2,2,1,2,2,0,1,1,0,3,16.0,0,0,-0.4918744606632361
765,0,2,0,2,3,2,1,0,0,1,1,51.0,1,0,0.921244330558889
766,1,0,0,1,2,0,0,1,1,0,1,29.69911764705882,0,0,0.1489119590497745
767,0,1,2,2,2,1,0,0,1,0,3,30.5,0,0,-0.49237782784290063
768,1,1,2,1,2,1,0,1,0,0,3,29.69911764705882,1,0,-0.1621689579829361
769,1,2,2,1,2,2,0,1,1,0,3,32.0,0,0,-0.4800453319411184
770,1,2,2,1,2,2,0,1,1,0,3,24.0,0,0,-0.45714212526638004
771,1,2,2,1,2,2,0,1,1,0,3,48.0,0,0,-0.4902797934380587
772,0,2,1,2,4,2,0,0,1,0,2,57.0,0,0,-0.43700743807979686
773,1,0,2,1,2,0,0,1,1,0,3,29.69911764705882,0,0,-0.5029485386158568
774,0,2,1,2,2,2,1,0,0,1,2,54.0,1,3,-0.18532384824750675
775,1,2,2,1,2,2,0,1,1,0,3,18.0,0,0,-0.49237782784290063
776,1,1,2,1,5,1,0,1,1,0,3,29.69911764705882,0,0,-0.49237782784290063
777,0,2,2,0,2,2,1,0,1,1,3,5.0,0,0,-0.397241430886295
778,1,1,2,1,2,1,0,1,1,0,3,29.69911764705882,0,0,-0.4926295114327329
779,0,2,0,2,1,2,1,0,0,1,1,43.0,0,1,3.6067927997556075
780,0,0,2,0,2,0,1,0,1,1,3,13.0,0,0,-0.5028639729296732
781,0,2,0,2,1,2,1,0,0,1,1,17.0,1,0,0.49925551609632224
782,1,2,0,1,3,2,0,1,1,0,1,29.0,0,0,-0.04438103794142432
783,1,2,2,1,2,2,0,1,0,0,3,29.69911764705882,1,2,-0.17626323901354432
784,1,2,2,1,2,2,0,1,1,0,3,25.0,0,0,-0.5064721088735089
785,1,2,2,1,2,2,0,1,1,0,3,25.0,0,0,-0.5024451714361923
786,0,2,2,2,2,2,1,0,1,1,3,18.0,0,0,-0.4974960653257301
787,1,1,2,0,2,1,0,0,0,0,3,8.0,4,1,-0.06199888922968463
788,1,2,2,0,2,2,1,0,0,1,3,1.0,1,2,-0.23415046467497105
789,1,0,0,1,1,0,0,1,1,0,1,46.0,0,0,0.9462455716384695
790,1,1,2,1,2,1,0,1,1,0,3,29.69911764705882,0,0,-0.49237782784290063
791,1,2,1,1,2,2,0,1,1,0,2,16.0,0,0,-0.12491978668775715
792,0,2,2,2,2,2,0,0,0,0,3,29.69911764705882,8,2,0.7519458402879414
793,1,0,0,1,2,0,0,1,1,0,1,29.69911764705882,0,0,-0.030371322596999754
794,1,2,2,1,2,2,0,1,1,0,3,25.0,0,0,-0.4894421904510968
795,1,2,1,1,2,2,0,1,1,0,2,39.0,0,0,-0.3866707201133388
796,0,2,0,2,3,2,1,0,1,1,1,49.0,0,0,-0.1263453225405672
797,0,2,2,2,2,2,1,0,1,1,3,31.0,0,0,-0.4735861242916626
798,1,0,2,1,2,0,0,1,1,0,3,30.0,0,0,-0.5028639729296732
799,0,2,2,2,2,2,0,0,0,0,3,30.0,1,1,-0.1621689579829361
800,1,2,1,1,2,2,0,1,1,0,2,34.0,0,0,-0.3866707201133388
801,0,2,1,2,2,2,1,0,0,1,2,31.0,1,1,-0.11988611489111134
802,1,2,0,0,1,2,1,0,0,1,1,11.0,1,2,1.7677408088510642
803,1,0,2,0,2,0,1,0,0,1,3,0.42,0,1,-0.47694056317694733
804,1,2,2,1,2,2,1,1,1,1,3,27.0,0,0,-0.5079822104125026
805,1,2,2,1,2,2,0,1,1,0,3,31.0,0,0,-0.4918744606632361
806,1,2,0,1,0,2,0,1,1,0,1,39.0,0,0,-0.6484216535389205
807,0,2,2,2,2,2,0,0,1,0,3,18.0,0,0,-0.4918744606632361
808,1,2,1,1,2,2,0,1,1,0,2,39.0,0,0,-0.3866707201133388
809,0,2,0,2,4,2,1,0,0,1,1,33.0,1,0,0.4207302360686478
810,1,2,2,1,2,2,0,1,1,0,3,26.0,0,0,-0.4896093083547455
811,1,2,2,1,2,2,0,1,1,0,3,39.0,0,0,-0.1621689579829361
812,1,2,1,1,2,2,0,1,1,0,2,35.0,0,0,-0.43700743807979686
813,0,2,2,0,2,2,0,0,0,0,3,6.0,4,2,-0.01870931177853076
814,1,2,2,1,2,2,0,1,1,0,3,30.5,0,0,-0.4863374216869257
815,1,2,0,1,1,2,0,1,1,0,1,29.69911764705882,0,0,-0.6484216535389205
816,0,2,2,2,2,2,0,0,1,0,3,23.0,0,0,-0.4888542575852486
817,1,0,1,1,2,0,0,1,0,0,2,31.0,1,1,0.09664633805084172
818,1,2,2,1,2,2,0,1,1,0,3,43.0,0,0,-0.5185529211854588
819,1,2,2,0,2,2,0,0,0,0,3,10.0,3,2,-0.08666388103324908
820,0,2,0,2,1,2,1,0,0,1,1,52.0,1,1,1.2341715984066093
821,1,2,2,1,2,2,1,1,1,1,3,27.0,0,0,-0.47400492578514347
822,1,2,0,1,2,2,0,1,1,0,1,38.0,0,0,-0.6484216535389205
823,0,2,2,2,4,2,1,0,0,1,3,27.0,0,1,-0.397241430886295
824,1,2,2,0,2,2,0,0,0,0,3,2.0,4,1,0.1506737441786005
825,1,1,2,1,2,1,0,1,1,0,3,29.69911764705882,0,0,-0.5084855775921673
826,1,2,2,1,2,2,0,1,1,0,3,29.69911764705882,0,0,0.48910360681684706
827,1,0,1,0,2,0,1,0,0,1,2,1.0,0,2,0.09664633805084172
828,1,1,2,1,2,1,1,1,1,1,3,29.69911764705882,0,0,-0.49237782784290063
829,0,2,0,2,1,2,1,0,1,1,1,62.0,0,0,0.962353321387736
830,0,0,2,0,2,0,1,0,0,1,3,15.0,1,0,-0.3573908580066095
831,1,2,1,0,2,2,1,0,0,1,2,0.83,1,1,-0.2708962687904854
832,1,0,2,1,2,0,0,1,1,0,3,29.69911764705882,0,0,-0.5028639729296732
833,1,2,2,1,2,2,0,1,1,0,3,23.0,0,0,-0.4902797934380587
834,1,2,2,1,2,2,0,1,1,0,3,18.0,0,0,-0.48130374989027985
835,0,0,0,2,4,0,1,0,0,1,1,39.0,1,1,1.0259447039291216
836,1,2,2,1,2,2,0,1,1,0,3,21.0,0,0,-0.47400492578514347
837,1,2,2,1,2,2,0,1,1,0,3,29.69911764705882,0,0,-0.4863374216869257
838,1,2,2,1,2,2,1,1,1,1,3,32.0,0,0,0.48910360681684706
839,1,0,0,1,2,0,1,1,1,1,1,29.69911764705882,0,0,-0.05042144409739929
840,1,2,2,1,2,2,0,1,1,0,3,20.0,0,0,-0.4888542575852486
841,1,2,1,1,2,2,0,1,1,0,2,16.0,0,0,-0.43700743807979686
842,0,0,0,2,2,0,1,0,1,1,1,30.0,0,0,-0.024246350754841113
843,1,0,2,1,2,0,0,1,1,0,3,34.5,0,0,-0.5188046047752911
844,1,2,2,1,2,2,0,1,1,0,3,17.0,0,0,-0.47400492578514347
845,1,2,2,1,2,2,0,1,1,0,3,42.0,0,0,-0.49640476528021726
846,1,2,2,1,2,2,0,1,0,0,3,29.69911764705882,8,2,0.7519458402879414
847,1,0,2,1,2,0,0,1,1,0,3,35.0,0,0,-0.4894421904510968
848,1,2,1,1,2,2,0,1,0,0,2,28.0,0,1,0.016023023618325298
849,0,0,0,2,2,0,1,0,0,1,1,29.69911764705882,1,0,1.145663540471827
850,1,2,2,0,2,2,0,0,0,0,3,4.0,4,2,-0.01870931177853076
851,1,2,2,1,2,2,0,1,1,0,3,74.0,0,0,-0.4918744606632361
852,0,0,2,0,2,0,0,0,0,0,3,9.0,1,1,-0.3414522396297103
853,0,2,0,2,3,2,1,0,0,1,1,16.0,0,1,0.14488502161245778
854,0,2,1,2,2,2,0,0,0,0,2,44.0,1,0,-0.12491978668775715
855,0,2,2,2,2,2,1,0,0,1,3,18.0,0,1,-0.4601623283443675
856,0,2,0,2,2,2,1,0,0,1,1,45.0,1,1,2.671117778445337
857,1,2,0,1,4,2,1,1,1,1,1,51.0,0,0,-0.11384570873513637
858,0,0,2,2,2,0,1,0,0,1,3,24.0,0,3,-0.26066180729354516
859,1,0,2,1,2,0,0,1,1,0,3,29.69911764705882,0,0,-0.5028639729296732
860,1,2,2,1,2,2,0,1,0,0,3,41.0,2,0,-0.36435544630444866
861,1,2,1,1,2,2,0,1,0,0,2,21.0,1,0,-0.41687275089321363
862,0,2,0,2,3,2,1,0,1,1,1,48.0,0,0,-0.1263453225405672
863,0,2,2,2,2,2,0,0,0,0,3,29.69911764705882,8,2,0.7519458402879414
864,1,2,1,1,2,2,0,1,1,0,2,24.0,0,0,-0.3866707201133388
865,0,2,1,2,2,2,1,0,1,1,2,42.0,0,0,-0.3866707201133388
866,0,0,1,2,2,0,1,0,0,1,2,27.0,1,0,-0.3693891181010945
867,1,2,0,1,0,2,0,1,1,0,1,31.0,0,0,0.3682954836973478
868,1,2,2,1,2,2,0,1,1,0,3,29.69911764705882,0,0,-0.45714212526638004
869,1,2,2,0,2,2,1,0,0,1,3,4.0,1,1,-0.4242561406845337
870,1,2,2,1,2,2,0,1,1,0,3,26.0,0,0,-0.4894421904510968
871,0,2,0,2,3,2,1,0,0,1,1,47.0,1,1,0.40974072380221066
872,1,2,0,1,1,2,0,1,1,0,1,33.0,0,0,-0.5477482176060045
873,1,2,2,1,2,2,0,1,1,0,3,47.0,0,0,-0.46720946885967163
874,0,0,1,2,2,0,1,0,0,1,2,28.0,1,0,-0.16518916106092355
875,0,0,2,0,2,0,1,0,1,1,3,15.0,0,0,-0.5029485386158568
876,1,2,2,1,2,2,0,1,1,0,3,20.0,0,0,-0.45017955043725955
877,1,2,2,1,2,2,0,1,1,0,3,19.0,0,0,-0.4894421904510968
878,1,2,2,1,2,2,0,1,1,0,3,29.69911764705882,0,0,-0.4894421904510968
879,0,0,0,2,2,0,1,0,0,1,1,56.0,0,1,1.0259447039291216
880,0,2,1,2,2,2,1,0,0,1,2,25.0,0,1,-0.12491978668775715
881,1,2,2,1,2,2,0,1,1,0,3,33.0,0,0,-0.4894421904510968
882,0,2,2,2,2,2,0,0,1,0,3,22.0,0,0,-0.4366711888037809
883,1,2,1,1,2,2,0,1,1,0,2,28.0,0,0,-0.43700743807979686
884,1,2,2,1,2,2,0,1,1,0,3,25.0,0,0,-0.5064721088735089
885,0,1,2,2,2,1,0,0,0,0,3,39.0,0,5,-0.06199888922968463
886,1,2,1,1,2,2,0,1,1,0,2,27.0,0,0,-0.3866707201133388
887,0,2,0,2,1,2,1,0,1,1,1,19.0,0,0,-0.04438103794142432
888,0,2,2,2,2,2,0,0,0,0,3,29.69911764705882,1,2,-0.17626323901354432
889,1,0,0,1,2,0,1,1,1,1,1,26.0,0,0,-0.04438103794142432
890,1,1,2,1,2,1,0,1,1,0,3,32.0,0,0,-0.49237782784290063
